{
    "constructors": [],
    "externalReferences": [],
    "id": "01pR00000002ulOIAQ",
    "innerClasses": [
        {
            "constructors": [
                {
                    "annotations": [],
                    "location": {
                        "column": 20,
                        "line": 183
                    },
                    "modifiers": [
                        "public"
                    ],
                    "name": "UserDetail",
                    "parameters": [],
                    "references": [],
                    "type": null
                }
            ],
            "externalReferences": [],
            "id": null,
            "innerClasses": [],
            "interfaces": [],
            "key": null,
            "methods": [],
            "name": "UserDetail",
            "namespace": null,
            "parentClass": "",
            "properties": [
                {
                    "annotations": [],
                    "location": {
                        "column": 40,
                        "line": 128
                    },
                    "modifiers": [
                        "public"
                    ],
                    "name": "username",
                    "references": [],
                    "type": "String"
                },
                {
                    "annotations": [],
                    "location": {
                        "column": 40,
                        "line": 129
                    },
                    "modifiers": [
                        "public"
                    ],
                    "name": "password",
                    "references": [],
                    "type": "String"
                },
                {
                    "annotations": [],
                    "location": {
                        "column": 41,
                        "line": 130
                    },
                    "modifiers": [
                        "public"
                    ],
                    "name": "isProvider",
                    "references": [],
                    "type": "Boolean"
                },
                {
                    "annotations": [],
                    "location": {
                        "column": 32,
                        "line": 134
                    },
                    "modifiers": [
                        "public"
                    ],
                    "name": "personalFirstName",
                    "references": [],
                    "type": "String"
                },
                {
                    "annotations": [],
                    "location": {
                        "column": 32,
                        "line": 135
                    },
                    "modifiers": [
                        "public"
                    ],
                    "name": "personalFirstNameErrorMsg",
                    "references": [],
                    "type": "String"
                },
                {
                    "annotations": [],
                    "location": {
                        "column": 32,
                        "line": 136
                    },
                    "modifiers": [
                        "public"
                    ],
                    "name": "personalLastName",
                    "references": [],
                    "type": "String"
                },
                {
                    "annotations": [],
                    "location": {
                        "column": 32,
                        "line": 137
                    },
                    "modifiers": [
                        "public"
                    ],
                    "name": "personalLastNameErrorMsg",
                    "references": [],
                    "type": "String"
                },
                {
                    "annotations": [],
                    "location": {
                        "column": 32,
                        "line": 138
                    },
                    "modifiers": [
                        "public"
                    ],
                    "name": "personalMiddleName",
                    "references": [],
                    "type": "String"
                },
                {
                    "annotations": [],
                    "location": {
                        "column": 32,
                        "line": 139
                    },
                    "modifiers": [
                        "public"
                    ],
                    "name": "personalSurfix",
                    "references": [],
                    "type": "String"
                },
                {
                    "annotations": [],
                    "location": {
                        "column": 32,
                        "line": 140
                    },
                    "modifiers": [
                        "public"
                    ],
                    "name": "personalprimaryPhone",
                    "references": [],
                    "type": "String"
                },
                {
                    "annotations": [],
                    "location": {
                        "column": 32,
                        "line": 141
                    },
                    "modifiers": [
                        "public"
                    ],
                    "name": "personalprimaryPhoneErrorMsg",
                    "references": [],
                    "type": "String"
                },
                {
                    "annotations": [],
                    "location": {
                        "column": 32,
                        "line": 142
                    },
                    "modifiers": [
                        "public"
                    ],
                    "name": "personalSecondaryPhone",
                    "references": [],
                    "type": "String"
                },
                {
                    "annotations": [],
                    "location": {
                        "column": 32,
                        "line": 143
                    },
                    "modifiers": [
                        "public"
                    ],
                    "name": "personalSpeciality",
                    "references": [],
                    "type": "String"
                },
                {
                    "annotations": [],
                    "location": {
                        "column": 32,
                        "line": 144
                    },
                    "modifiers": [
                        "public"
                    ],
                    "name": "personalSpecialityErrorMsg",
                    "references": [],
                    "type": "String"
                },
                {
                    "annotations": [],
                    "location": {
                        "column": 32,
                        "line": 145
                    },
                    "modifiers": [
                        "public"
                    ],
                    "name": "personalTaxId",
                    "references": [],
                    "type": "String"
                },
                {
                    "annotations": [],
                    "location": {
                        "column": 32,
                        "line": 146
                    },
                    "modifiers": [
                        "public"
                    ],
                    "name": "personalTaxIdErrorMsg",
                    "references": [],
                    "type": "String"
                },
                {
                    "annotations": [],
                    "location": {
                        "column": 32,
                        "line": 147
                    },
                    "modifiers": [
                        "public"
                    ],
                    "name": "personalNPINumber",
                    "references": [],
                    "type": "String"
                },
                {
                    "annotations": [],
                    "location": {
                        "column": 32,
                        "line": 148
                    },
                    "modifiers": [
                        "public"
                    ],
                    "name": "personalNPINumberErrorMsg",
                    "references": [],
                    "type": "String"
                },
                {
                    "annotations": [],
                    "location": {
                        "column": 32,
                        "line": 149
                    },
                    "modifiers": [
                        "public"
                    ],
                    "name": "personalStateofLicense",
                    "references": [],
                    "type": "String"
                },
                {
                    "annotations": [],
                    "location": {
                        "column": 32,
                        "line": 150
                    },
                    "modifiers": [
                        "public"
                    ],
                    "name": "personalStateofLicenseErrorMsg",
                    "references": [],
                    "type": "String"
                },
                {
                    "annotations": [],
                    "location": {
                        "column": 32,
                        "line": 151
                    },
                    "modifiers": [
                        "public"
                    ],
                    "name": "personalStateLicenseNumber",
                    "references": [],
                    "type": "String"
                },
                {
                    "annotations": [],
                    "location": {
                        "column": 32,
                        "line": 152
                    },
                    "modifiers": [
                        "public"
                    ],
                    "name": "personalStateofLicenseNumberErrorMsg",
                    "references": [],
                    "type": "String"
                },
                {
                    "annotations": [],
                    "location": {
                        "column": 32,
                        "line": 153
                    },
                    "modifiers": [
                        "public"
                    ],
                    "name": "personalMedicaIdProvider",
                    "references": [],
                    "type": "String"
                },
                {
                    "annotations": [],
                    "location": {
                        "column": 32,
                        "line": 154
                    },
                    "modifiers": [
                        "public"
                    ],
                    "name": "personalMedicareProvider",
                    "references": [],
                    "type": "String"
                },
                {
                    "annotations": [],
                    "location": {
                        "column": 32,
                        "line": 155
                    },
                    "modifiers": [
                        "public"
                    ],
                    "name": "personaMENumber",
                    "references": [],
                    "type": "String"
                },
                {
                    "annotations": [],
                    "location": {
                        "column": 32,
                        "line": 156
                    },
                    "modifiers": [
                        "public"
                    ],
                    "name": "personalDEANumber",
                    "references": [],
                    "type": "String"
                },
                {
                    "annotations": [],
                    "location": {
                        "column": 33,
                        "line": 159
                    },
                    "modifiers": [
                        "public"
                    ],
                    "name": "newSiteRegistrationFlag",
                    "references": [],
                    "type": "Boolean"
                },
                {
                    "annotations": [],
                    "location": {
                        "column": 32,
                        "line": 160
                    },
                    "modifiers": [
                        "public"
                    ],
                    "name": "siteType",
                    "references": [],
                    "type": "String"
                },
                {
                    "annotations": [],
                    "location": {
                        "column": 32,
                        "line": 161
                    },
                    "modifiers": [
                        "public"
                    ],
                    "name": "siteTypeErrorMsg",
                    "references": [],
                    "type": "String"
                },
                {
                    "annotations": [],
                    "location": {
                        "column": 32,
                        "line": 162
                    },
                    "modifiers": [
                        "public"
                    ],
                    "name": "siteName",
                    "references": [],
                    "type": "String"
                },
                {
                    "annotations": [],
                    "location": {
                        "column": 32,
                        "line": 163
                    },
                    "modifiers": [
                        "public"
                    ],
                    "name": "siteNameErrorMsg",
                    "references": [],
                    "type": "String"
                },
                {
                    "annotations": [],
                    "location": {
                        "column": 32,
                        "line": 164
                    },
                    "modifiers": [
                        "public"
                    ],
                    "name": "siteAddress",
                    "references": [],
                    "type": "String"
                },
                {
                    "annotations": [],
                    "location": {
                        "column": 32,
                        "line": 165
                    },
                    "modifiers": [
                        "public"
                    ],
                    "name": "siteAddressErrorMsg",
                    "references": [],
                    "type": "String"
                },
                {
                    "annotations": [],
                    "location": {
                        "column": 32,
                        "line": 166
                    },
                    "modifiers": [
                        "public"
                    ],
                    "name": "siteCity",
                    "references": [],
                    "type": "String"
                },
                {
                    "annotations": [],
                    "location": {
                        "column": 32,
                        "line": 167
                    },
                    "modifiers": [
                        "public"
                    ],
                    "name": "siteCityErrorMsg",
                    "references": [],
                    "type": "String"
                },
                {
                    "annotations": [],
                    "location": {
                        "column": 32,
                        "line": 168
                    },
                    "modifiers": [
                        "public"
                    ],
                    "name": "sitestate",
                    "references": [],
                    "type": "String"
                },
                {
                    "annotations": [],
                    "location": {
                        "column": 32,
                        "line": 169
                    },
                    "modifiers": [
                        "public"
                    ],
                    "name": "siteStateErrorMsg",
                    "references": [],
                    "type": "String"
                },
                {
                    "annotations": [],
                    "location": {
                        "column": 32,
                        "line": 170
                    },
                    "modifiers": [
                        "public"
                    ],
                    "name": "siteZipCode",
                    "references": [],
                    "type": "String"
                },
                {
                    "annotations": [],
                    "location": {
                        "column": 32,
                        "line": 171
                    },
                    "modifiers": [
                        "public"
                    ],
                    "name": "sitezipcodeErrorMsg",
                    "references": [],
                    "type": "String"
                },
                {
                    "annotations": [],
                    "location": {
                        "column": 32,
                        "line": 172
                    },
                    "modifiers": [
                        "public"
                    ],
                    "name": "sitePrimaryPhone",
                    "references": [],
                    "type": "String"
                },
                {
                    "annotations": [],
                    "location": {
                        "column": 32,
                        "line": 173
                    },
                    "modifiers": [
                        "public"
                    ],
                    "name": "sitePrimaryPhoneErrorMsg",
                    "references": [],
                    "type": "String"
                },
                {
                    "annotations": [],
                    "location": {
                        "column": 32,
                        "line": 174
                    },
                    "modifiers": [
                        "public"
                    ],
                    "name": "siteFaxNumber",
                    "references": [],
                    "type": "String"
                },
                {
                    "annotations": [],
                    "location": {
                        "column": 39,
                        "line": 179
                    },
                    "modifiers": [
                        "public"
                    ],
                    "name": "lstNotificationDelivery",
                    "references": [],
                    "type": "LIST"
                },
                {
                    "annotations": [],
                    "location": {
                        "column": 39,
                        "line": 180
                    },
                    "modifiers": [
                        "public"
                    ],
                    "name": "lstDocumentDelivery",
                    "references": [],
                    "type": "LIST"
                }
            ],
            "tableDeclaration": {
                "annotations": [],
                "location": {
                    "column": 17,
                    "line": 126
                },
                "modifiers": [
                    "public"
                ],
                "name": "UserDetail",
                "references": [],
                "type": "UserDetail"
            },
            "variables": []
        },
        {
            "constructors": [
                {
                    "annotations": [],
                    "location": {
                        "column": 16,
                        "line": 254
                    },
                    "modifiers": [
                        "public"
                    ],
                    "name": "wrapperProdList",
                    "parameters": [
                        {
                            "name": "ProductName",
                            "type": "String"
                        },
                        {
                            "name": "ProductId",
                            "type": "String"
                        },
                        {
                            "name": "isSelected",
                            "type": "Boolean"
                        },
                        {
                            "name": "objProd",
                            "type": "Product2"
                        }
                    ],
                    "references": [],
                    "type": null
                }
            ],
            "externalReferences": [],
            "id": null,
            "innerClasses": [],
            "interfaces": [],
            "key": null,
            "methods": [],
            "name": "wrapperProdList",
            "namespace": null,
            "parentClass": "",
            "properties": [
                {
                    "annotations": [],
                    "location": {
                        "column": 38,
                        "line": 248
                    },
                    "modifiers": [
                        "public"
                    ],
                    "name": "strProdnAME",
                    "references": [],
                    "type": "String"
                },
                {
                    "annotations": [],
                    "location": {
                        "column": 38,
                        "line": 249
                    },
                    "modifiers": [
                        "public"
                    ],
                    "name": "strProdId",
                    "references": [],
                    "type": "String"
                },
                {
                    "annotations": [],
                    "location": {
                        "column": 38,
                        "line": 250
                    },
                    "modifiers": [
                        "public"
                    ],
                    "name": "blnSelected",
                    "references": [],
                    "type": "Boolean"
                },
                {
                    "annotations": [],
                    "location": {
                        "column": 37,
                        "line": 251
                    },
                    "modifiers": [
                        "public"
                    ],
                    "name": "prod",
                    "references": [],
                    "type": "Product2"
                },
                {
                    "annotations": [],
                    "location": {
                        "column": 50,
                        "line": 252
                    },
                    "modifiers": [
                        "public"
                    ],
                    "name": "lstprod",
                    "references": [],
                    "type": "LIST"
                },
                {
                    "annotations": [],
                    "location": {
                        "column": 35,
                        "line": 253
                    },
                    "modifiers": [
                        "public"
                    ],
                    "name": "ProductFamily",
                    "references": [],
                    "type": "String"
                }
            ],
            "tableDeclaration": {
                "annotations": [],
                "location": {
                    "column": 18,
                    "line": 246
                },
                "modifiers": [
                    "public"
                ],
                "name": "wrapperProdList",
                "references": [],
                "type": "wrapperProdList"
            },
            "variables": [
                {
                    "annotations": [],
                    "location": {
                        "column": 39,
                        "line": 254
                    },
                    "modifiers": [],
                    "name": "ProductName",
                    "references": [],
                    "type": "String"
                },
                {
                    "annotations": [],
                    "location": {
                        "column": 58,
                        "line": 254
                    },
                    "modifiers": [],
                    "name": "ProductId",
                    "references": [],
                    "type": "String"
                },
                {
                    "annotations": [],
                    "location": {
                        "column": 76,
                        "line": 254
                    },
                    "modifiers": [],
                    "name": "isSelected",
                    "references": [],
                    "type": "Boolean"
                },
                {
                    "annotations": [],
                    "location": {
                        "column": 96,
                        "line": 254
                    },
                    "modifiers": [],
                    "name": "objProd",
                    "references": [],
                    "type": "Product2"
                }
            ]
        }
    ],
    "interfaces": [],
    "key": "01pR00000002ulOIAQ",
    "methods": [
        {
            "annotations": [],
            "location": {
                "column": 45,
                "line": 5
            },
            "modifiers": [
                "static",
                "public"
            ],
            "name": "getMenuList",
            "parameters": [
                {
                    "name": "isProvider",
                    "type": "Boolean"
                }
            ],
            "references": [],
            "returnType": "LIST",
            "type": null
        },
        {
            "annotations": [],
            "location": {
                "column": 45,
                "line": 23
            },
            "modifiers": [
                "static",
                "public"
            ],
            "name": "getRelationList",
            "parameters": [],
            "references": [],
            "returnType": "LIST",
            "type": null
        },
        {
            "annotations": [],
            "location": {
                "column": 45,
                "line": 37
            },
            "modifiers": [
                "static",
                "public"
            ],
            "name": "getGenderList",
            "parameters": [],
            "references": [],
            "returnType": "LIST",
            "type": null
        },
        {
            "annotations": [],
            "location": {
                "column": 39,
                "line": 54
            },
            "modifiers": [
                "static",
                "public"
            ],
            "name": "IsExistingEmail",
            "parameters": [
                {
                    "name": "strEmail",
                    "type": "String"
                }
            ],
            "references": [],
            "returnType": "String",
            "type": null
        },
        {
            "annotations": [],
            "location": {
                "column": 45,
                "line": 68
            },
            "modifiers": [
                "static",
                "public"
            ],
            "name": "getProviderForOptIns",
            "parameters": [],
            "references": [],
            "returnType": "LIST",
            "type": null
        },
        {
            "annotations": [],
            "location": {
                "column": 45,
                "line": 81
            },
            "modifiers": [
                "static",
                "public"
            ],
            "name": "getDocumentDelivery",
            "parameters": [],
            "references": [],
            "returnType": "LIST",
            "type": null
        },
        {
            "annotations": [],
            "location": {
                "column": 45,
                "line": 92
            },
            "modifiers": [
                "static",
                "public"
            ],
            "name": "getDeliveryOptins",
            "parameters": [],
            "references": [],
            "returnType": "LIST",
            "type": null
        },
        {
            "annotations": [],
            "location": {
                "column": 37,
                "line": 102
            },
            "modifiers": [
                "static",
                "public"
            ],
            "name": "registerprovider",
            "parameters": [
                {
                    "name": "objUser",
                    "type": "String"
                }
            ],
            "references": [],
            "returnType": "void",
            "type": null
        },
        {
            "annotations": [],
            "location": {
                "column": 54,
                "line": 200
            },
            "modifiers": [
                "static",
                "public"
            ],
            "name": "getProduct",
            "parameters": [],
            "references": [],
            "returnType": "LIST",
            "type": null
        }
    ],
    "name": "PatientReg",
    "namespace": null,
    "parentClass": "",
    "properties": [
        {
            "annotations": [],
            "location": {
                "column": 47,
                "line": 192
            },
            "modifiers": [
                "public"
            ],
            "name": "lstProductWrapper",
            "references": [],
            "type": "LIST"
        },
        {
            "annotations": [],
            "location": {
                "column": 45,
                "line": 194
            },
            "modifiers": [
                "public"
            ],
            "name": "mapProductSelect",
            "references": [],
            "type": "Map"
        },
        {
            "annotations": [],
            "location": {
                "column": 61,
                "line": 196
            },
            "modifiers": [
                "public"
            ],
            "name": "mapProdList",
            "references": [],
            "type": "Map"
        }
    ],
    "tableDeclaration": {
        "annotations": [],
        "location": {
            "column": 14,
            "line": 1
        },
        "modifiers": [
            "public"
        ],
        "name": "PatientReg",
        "references": [],
        "type": "PatientReg"
    },
    "variables": [
        {
            "annotations": [],
            "location": {
                "column": 66,
                "line": 5
            },
            "modifiers": [],
            "name": "isProvider",
            "references": [],
            "type": "Boolean"
        },
        {
            "annotations": [],
            "location": {
                "column": 22,
                "line": 7
            },
            "modifiers": [],
            "name": "lstMenu",
            "references": [],
            "type": "LIST"
        },
        {
            "annotations": [],
            "location": {
                "column": 22,
                "line": 25
            },
            "modifiers": [],
            "name": "lstRelationship",
            "references": [],
            "type": "LIST"
        },
        {
            "annotations": [],
            "location": {
                "column": 22,
                "line": 39
            },
            "modifiers": [],
            "name": "lstGender",
            "references": [],
            "type": "LIST"
        },
        {
            "annotations": [],
            "location": {
                "column": 63,
                "line": 54
            },
            "modifiers": [],
            "name": "strEmail",
            "references": [],
            "type": "String"
        },
        {
            "annotations": [],
            "location": {
                "column": 16,
                "line": 56
            },
            "modifiers": [],
            "name": "strEmailMessage",
            "references": [],
            "type": "String"
        },
        {
            "annotations": [],
            "location": {
                "column": 21,
                "line": 57
            },
            "modifiers": [],
            "name": "userList",
            "references": [],
            "type": "LIST"
        },
        {
            "annotations": [],
            "location": {
                "column": 22,
                "line": 70
            },
            "modifiers": [],
            "name": "options",
            "references": [],
            "type": "LIST"
        },
        {
            "annotations": [],
            "location": {
                "column": 22,
                "line": 83
            },
            "modifiers": [],
            "name": "options",
            "references": [],
            "type": "LIST"
        },
        {
            "annotations": [],
            "location": {
                "column": 22,
                "line": 93
            },
            "modifiers": [],
            "name": "options",
            "references": [],
            "type": "LIST"
        },
        {
            "annotations": [],
            "location": {
                "column": 61,
                "line": 102
            },
            "modifiers": [],
            "name": "objUser",
            "references": [],
            "type": "String"
        },
        {
            "annotations": [],
            "location": {
                "column": 14,
                "line": 105
            },
            "modifiers": [],
            "name": "ProviderContact",
            "references": [],
            "type": "Contact"
        },
        {
            "annotations": [],
            "location": {
                "column": 41,
                "line": 202
            },
            "modifiers": [],
            "name": "mapProdList",
            "references": [],
            "type": "Map"
        },
        {
            "annotations": [],
            "location": {
                "column": 29,
                "line": 203
            },
            "modifiers": [],
            "name": "lstProductWrapper",
            "references": [],
            "type": "LIST"
        },
        {
            "annotations": [],
            "location": {
                "column": 27,
                "line": 204
            },
            "modifiers": [],
            "name": "mapProductSelect",
            "references": [],
            "type": "Map"
        },
        {
            "annotations": [],
            "location": {
                "column": 21,
                "line": 205
            },
            "modifiers": [],
            "name": "varProd",
            "references": [],
            "type": "Product2"
        },
        {
            "annotations": [],
            "location": {
                "column": 27,
                "line": 220
            },
            "modifiers": [],
            "name": "wrp",
            "references": [],
            "type": "wrapperProdList"
        },
        {
            "annotations": [],
            "location": {
                "column": 29,
                "line": 227
            },
            "modifiers": [],
            "name": "lstWRPP",
            "references": [],
            "type": "LIST"
        },
        {
            "annotations": [],
            "location": {
                "column": 18,
                "line": 228
            },
            "modifiers": [],
            "name": "str",
            "references": [],
            "type": "String"
        },
        {
            "annotations": [],
            "location": {
                "column": 27,
                "line": 229
            },
            "modifiers": [],
            "name": "wrp",
            "references": [],
            "type": "wrapperProdList"
        }
    ]
}